{"_step":21,"mini/epoch":2,"mini/mse":1.0193952322006226,"mini/tau_1pct":0.03125,"_wandb":{"runtime":0},"_runtime":0,"mini/batch_loss":1.018298864364624,"_timestamp":1.774632280414966e+09}