{"_wandb":{"runtime":0},"_runtime":0,"mini/batch_loss":1.2398109436035156,"_timestamp":1.774632027130095e+09,"_step":21,"mini/mse":1.0023863315582275,"mini/tau_1pct":0.015625,"mini/epoch":2}