{"mini/epoch":2,"mini/mse":1.0114444494247437,"mini/tau_1pct":0.015625,"_wandb":{"runtime":0},"_runtime":0,"mini/batch_loss":1.0635877847671509,"_timestamp":1.774632276993336e+09,"_step":21}