{"_runtime":0,"_step":21,"mini/batch_loss":1.0295082330703735,"_timestamp":1.774632278644206e+09,"mini/epoch":2,"mini/mse":1.020450472831726,"mini/tau_1pct":0.0625,"_wandb":{"runtime":0}}